0,1,2,3
"{'O1': array([54.69746262, 54.43346219, 51.88680226, 49.52917786, 47.35279454,
       47.34000191, 49.15589528, 47.92774933, 44.71752926, 41.9072051 ,
       41.7127242 , 43.45022485, 44.28598328, 43.79824221, 40.95015015,
       39.29808319, 37.31143707, 36.4024668 , 35.07719215, 34.55804167,
       32.67303105, 32.73600785, 32.86341307, 33.62754876, 33.00096437,
       34.33051188, 31.96661551, 31.09919504, 31.75691879, 31.91983089,
       32.61482384, 31.76021873, 31.40163319, 30.85539272, 30.82100311,
       29.34504164, 31.37661385, 31.26385457, 29.79727091, 29.60091375,
       30.33898712]), 'O2': array([54.55878513, 54.25650854, 51.39124435, 48.77061426, 47.08415553,
       46.3769185 , 48.16818768, 46.69206843, 43.33140722, 41.81465044,
       41.79541104, 41.58107084, 42.8818038 , 43.63958838, 41.23999044,
       39.08058921, 37.89544192, 37.35577089, 35.55867088, 34.68864054,
       33.18238419, 32.3566134 , 32.32388703, 32.856557  , 33.16045689,
       34.58519656, 31.03919165, 30.72298449, 32.03033769, 32.51670667,
       32.98449209, 32.26321324, 31.86912851, 30.81920468, 30.07563607,
       30.3219451 , 31.32191154, 31.4493597 , 30.52064477, 30.36169894,
       31.03315676]), 'Oz': array([54.7812508 , 54.24510381, 51.45341641, 49.02113403, 47.07098894,
       46.28498761, 47.83723633, 46.31340939, 42.8894549 , 40.43561781,
       40.98877037, 42.13362886, 43.04794642, 42.95149395, 40.04220665,
       38.39295067, 37.18325861, 36.52488113, 35.07736186, 34.35987639,
       32.61473081, 32.2368928 , 32.2825385 , 32.78940195, 32.5713247 ,
       33.95875164, 31.56238389, 31.03592155, 31.48796648, 32.17870062,
       32.68622563, 32.20291977, 32.08491809, 30.94965109, 30.53247827,
       29.81606533, 31.02724261, 31.34854384, 30.23675838, 29.82005095,
       30.67871772])}","{'O1': array([47.54295104, 49.25665409, 49.54480959, 49.13463863, 47.09262063,
       47.72763104, 50.41040381, 49.2625103 , 44.21089086, 42.0727057 ,
       41.31990061, 43.18057112, 43.23103809, 42.10042396, 40.08085149,
       39.79421458, 37.53274151, 34.86828813, 32.77215273, 32.34603165,
       31.42499768, 33.16429571, 31.12622153, 30.49600269, 30.7241665 ,
       32.53508907, 29.54264698, 28.24879878, 28.109231  , 26.3708196 ,
       29.37429718, 28.82966912, 28.3462699 , 27.43235686, 27.80514126,
       26.36186839, 27.10886829, 27.34432131, 25.81095723, 26.34389626,
       28.010482  ]), 'O2': array([46.75287298, 48.6046259 , 48.91059326, 47.62716931, 45.27873085,
       45.65110879, 48.79783795, 47.78581813, 42.53987752, 40.37476381,
       40.3758904 , 40.23696208, 41.82731655, 41.71348745, 39.89828059,
       38.26453154, 37.16541548, 36.14409949, 33.49806741, 33.13228056,
       31.75636561, 32.85903192, 29.62868639, 30.05206216, 30.32586783,
       32.33679638, 27.57471615, 27.09416014, 28.97943764, 28.31066401,
       29.98456836, 28.79670294, 27.07661988, 25.99823623, 25.35376023,
       26.50064998, 26.44793287, 26.0638883 , 25.03776093, 26.59668693,
       27.58986408]), 'Oz': array([47.85662   , 48.87951181, 48.90564451, 48.03448968, 45.90598059,
       46.03700617, 48.61868812, 47.43632979, 42.66003983, 39.98228957,
       39.88789526, 41.10677794, 41.63753914, 41.07717465, 38.99443581,
       38.54427844, 37.04064744, 35.05743919, 32.83501358, 32.45946256,
       31.04412406, 32.59998371, 29.57650319, 29.66977988, 30.41829944,
       31.84989686, 29.05439044, 27.81656109, 27.70063698, 26.99241714,
       29.1500053 , 29.02076758, 28.82141848, 26.87240482, 26.22357411,
       25.57200039, 26.15065521, 27.00064224, 26.4284573 , 26.77773813,
       28.18628437])}","{'O1': array([58.96076582, 57.16408991, 52.90905492, 51.18989865, 49.00502467,
       47.94980724, 48.60839045, 47.30279104, 45.42806924, 43.86331898,
       42.90198246, 45.02069884, 47.79627254, 46.45191587, 41.59247929,
       39.75371437, 37.81286327, 39.33711683, 38.28156217, 37.92461124,
       36.24496122, 34.39481202, 35.75567206, 37.48336469, 37.55243581,
       39.30305073, 37.42507575, 37.23754966, 39.00753482, 39.01549071,
       37.54815728, 39.14717856, 39.6593873 , 38.48591634, 38.09796911,
       38.8850617 , 38.91841041, 39.41074868, 38.26426071, 37.46905262,
       36.51769832]), 'O2': array([59.19709357, 57.20864286, 52.39033356, 50.76878054, 49.94073154,
       47.8540453 , 46.99198083, 45.39046945, 42.43406578, 43.53247892,
       43.78134394, 42.87680433, 44.09593683, 45.8249217 , 42.50644985,
       39.68627157, 38.52497671, 39.56637412, 38.415864  , 38.26013788,
       35.64047884, 34.02512082, 36.54793084, 37.50126384, 37.55166599,
       38.97849445, 37.82610361, 37.33799553, 39.40300064, 39.89460373,
       38.33374994, 39.30547603, 40.05113418, 39.64146574, 39.36872645,
       39.83702509, 39.61720487, 40.54295999, 39.9697397 , 39.41026855,
       39.15680282]), 'Oz': array([58.76171172, 56.91655001, 52.48637376, 50.91800194, 49.23201254,
       47.39022116, 47.30045506, 45.59946022, 42.37720548, 42.09377668,
       42.85326766, 43.82793745, 45.73214796, 45.62138922, 41.46285044,
       39.369258  , 38.36428848, 39.4139914 , 38.54902543, 38.40188728,
       35.88967298, 34.02355035, 35.94513598, 37.05548119, 37.23591547,
       39.18154632, 38.0906632 , 37.54064442, 39.26504245, 39.50523463,
       37.83859966, 39.30603584, 39.98951527, 39.15509577, 38.78918711,
       39.59219931, 39.34910144, 40.06635285, 39.29831281, 38.62368385,
       37.9617992 ])}","{'O1': array([57.588671  , 56.87964256, 53.20654227, 48.26299631, 45.96073834,
       46.34256743, 48.44889157, 47.21794664, 44.51362769, 39.7855906 ,
       40.91628952, 42.14940458, 41.8306392 , 42.84238678, 41.17711966,
       38.34632061, 36.58870643, 35.00199544, 34.17786155, 33.40348212,
       30.34913424, 30.64891582, 31.7083456 , 32.90327889, 30.7262908 ,
       31.15339582, 28.9321238 , 27.81123668, 28.15399055, 30.37318234,
       30.92201705, 27.30380851, 26.19924239, 26.64790497, 26.55989896,
       22.78819482, 28.10256285, 27.03649371, 25.31659479, 24.98979239,
       26.48878103]), 'O2': array([57.72638883, 56.95625687, 52.87280623, 47.91589293, 46.03300419,
       45.6256014 , 48.71474427, 46.89991769, 45.02027836, 41.5367086 ,
       41.22899878, 41.62944612, 42.72215802, 43.38035599, 41.31524088,
       39.29096452, 37.99593357, 36.35683905, 34.76208124, 32.67350316,
       32.15030813, 30.18568746, 30.79504388, 31.01634501, 31.60383686,
       32.44029884, 27.71675519, 27.73679779, 27.70857479, 29.34485226,
       30.63515798, 28.68746075, 28.47963148, 26.81791207, 25.50442152,
       24.62816025, 27.90059687, 27.74123079, 26.55443367, 25.07814134,
       26.35280338]), 'Oz': array([57.72542068, 56.93924961, 52.96823094, 48.11091047, 46.07497368,
       45.42773551, 47.5925658 , 45.90443815, 43.63111939, 39.23078717,
       40.22514819, 41.46617119, 41.77415216, 42.15591797, 39.66933369,
       37.26531558, 36.14483991, 35.1032128 , 33.84804656, 32.21827933,
       30.91039539, 30.08714433, 31.32597632, 31.64294478, 30.05975917,
       30.84481174, 27.54209802, 27.75055912, 27.49822001, 30.03845009,
       31.07007193, 28.28195588, 27.44382052, 26.82145267, 26.58467359,
       24.2839963 , 27.58197117, 26.97863641, 24.98350502, 24.05873089,
       25.88806957])}"
"{'O1': array([57.01061233, 55.13492174, 50.51746062, 47.37842711, 46.37373013,
       47.07031991, 48.86555086, 45.94057951, 42.2644195 , 40.79454497,
       41.7931818 , 43.93856207, 46.70440878, 42.12906071, 37.2344723 ,
       37.76307582, 36.86809394, 38.94770504, 41.87970584, 38.41340889,
       35.06616036, 34.00577861, 32.83212508, 35.85694125, 39.68471915,
       34.8391901 , 30.76206866, 30.51503076, 29.18791252, 31.37900009,
       34.53013241, 31.48462605, 30.23439102, 28.65773596, 29.34821429,
       30.58754174, 30.56518712, 30.41731161, 30.45692732, 30.44729982,
       29.27705092]), 'O2': array([56.78672902, 54.86105411, 50.08921712, 46.67947239, 45.8838657 ,
       46.85099843, 48.14710892, 44.88085791, 41.54268454, 41.01288022,
       40.19896433, 42.0296261 , 45.48167884, 41.86159513, 35.97851073,
       35.82226632, 36.15152725, 37.49937763, 40.351453  , 36.7290955 ,
       33.69672646, 32.97861583, 32.48685537, 36.26724293, 39.3127296 ,
       34.23902526, 29.83550796, 28.61037576, 28.97527277, 31.45561511,
       34.70186058, 31.4790028 , 29.9749276 , 28.32380043, 29.11663866,
       29.73077991, 30.48004361, 29.48358952, 29.11731842, 28.70144023,
       28.74356283]), 'Oz': array([56.96594783, 55.05633405, 50.35533786, 46.94569031, 46.00803525,
       47.63833987, 50.14697483, 46.53235017, 41.36537929, 39.48685148,
       39.52584873, 43.33984624, 47.7762648 , 43.10343087, 35.69056085,
       35.93799641, 35.71206817, 38.35919382, 42.10466716, 37.98004726,
       33.71673666, 32.82402534, 32.07613686, 36.91560693, 40.82711804,
       35.53588532, 30.414277  , 29.28268942, 28.85999459, 31.22406423,
       33.99040175, 31.30966834, 30.25994033, 28.55316541, 29.19482642,
       30.46238637, 31.67990009, 30.26048442, 29.1846611 , 29.43542484,
       28.77609788])}","{'O1': array([57.04244175, 53.60810314, 50.00822728, 44.92407943, 44.17563633,
       45.22829983, 43.91952625, 40.90092596, 41.39415743, 41.33110421,
       43.22892312, 44.7071483 , 46.78483   , 41.14055371, 35.09275471,
       34.79131147, 33.64137604, 39.32015744, 42.1259943 , 37.7502958 ,
       34.82867276, 33.00895655, 31.97476312, 36.98867296, 42.26123391,
       36.56840061, 30.90196576, 29.9492519 , 29.91533321, 34.67243432,
       36.82478002, 32.33800774, 33.94351104, 31.31423355, 30.26657081,
       30.12442577, 31.32865287, 31.09245948, 32.06116788, 32.97008165,
       31.55440279]), 'O2': array([56.79383531, 53.74504239, 50.47372045, 45.2745996 , 44.92673612,
       45.94604343, 43.75548517, 39.81723428, 40.37965499, 41.03630825,
       40.71420282, 43.19783631, 46.17262679, 41.25245517, 33.59916765,
       33.50469794, 34.68176257, 38.6934495 , 41.79291385, 36.99991131,
       33.18912876, 33.46404112, 32.64735839, 37.73973504, 42.16405946,
       36.51844765, 30.43486009, 28.61118533, 29.78241313, 34.43135961,
       37.37251563, 32.22373517, 33.69928627, 31.11742693, 30.08228707,
       28.72420965, 30.75697482, 31.09254842, 31.8917806 , 32.49508785,
       30.64563393]), 'Oz': array([57.17587806, 53.81947119, 50.30414624, 45.05396109, 44.58396275,
       46.01164293, 46.65974541, 42.58608913, 40.02377143, 39.39099283,
       40.77649831, 44.23442766, 48.10903467, 42.50111089, 32.74400633,
       32.93370941, 33.10633608, 38.91832533, 42.54929876, 37.53183426,
       32.98363082, 32.51626622, 31.35134046, 38.2851968 , 43.28594157,
       37.24514423, 30.9967635 , 29.21134558, 29.68735149, 33.96673013,
       36.60058918, 31.9502582 , 33.9403718 , 31.25649206, 29.91658596,
       29.63512453, 31.96211377, 31.25072527, 31.37022989, 32.19286634,
       30.81623241])}","{'O1': array([55.73164878, 55.26724941, 50.67355281, 47.44082976, 45.51260337,
       48.63903239, 53.13241045, 49.19556804, 41.85210643, 38.74820016,
       40.40091987, 44.95448119, 47.67933278, 43.62151285, 38.9384601 ,
       39.30151682, 38.38252404, 39.83759357, 43.89096937, 40.03212399,
       35.20852653, 34.58760919, 33.95206327, 36.51594511, 38.67156782,
       34.53528171, 30.49617322, 30.06194603, 28.78548953, 29.59780592,
       33.68718379, 30.33179417, 29.02635885, 29.43119689, 30.38009825,
       32.10073495, 32.30516673, 31.34672832, 30.85650809, 30.55310094,
       28.94846493]), 'O2': array([55.14048596, 54.36443663, 49.3195591 , 45.54102125, 43.82251114,
       48.13670841, 52.22790358, 48.42154968, 43.48506589, 41.85311287,
       37.77214823, 40.77046086, 45.13226405, 42.15074161, 37.27393607,
       38.15841389, 37.54873117, 37.7398368 , 41.21366046, 37.64605909,
       33.44491175, 33.08377245, 33.96742141, 36.95545297, 38.79295906,
       33.90723015, 29.88536003, 29.30837489, 28.73317251, 29.65679268,
       33.02606493, 30.26618882, 28.6271455 , 28.8656382 , 29.90944568,
       31.71917626, 31.60096411, 29.67387623, 28.78232391, 28.00420198,
       27.9004736 ]), 'Oz': array([55.4138287 , 54.83490105, 50.01418369, 46.5562978 , 44.69460037,
       49.93320629, 54.5144443 , 49.90094344, 42.52617027, 39.50524435,
       37.30971704, 43.69352267, 47.96120993, 43.72259912, 37.90352336,
       38.07032658, 37.44588625, 39.27286986, 43.7421302 , 39.24144035,
       33.28209474, 32.81793774, 33.57027921, 36.93670076, 39.81506014,
       35.07757797, 30.20654357, 29.27342148, 28.68208047, 29.25657548,
       32.38836726, 30.14411634, 29.36190465, 29.18886381, 30.42675073,
       32.39454425, 32.9558047 , 30.5750074 , 29.18424072, 29.44841126,
       28.00520687])}","{'O1': array([58.25774645, 56.52941266, 50.87060175, 49.77037212, 49.43295068,
       47.34362752, 49.54471588, 47.72524454, 43.54699464, 42.30433053,
       41.7497024 , 42.15405672, 45.64906356, 41.62511558, 37.67220208,
       39.19639918, 38.58038175, 37.6853641 , 39.62215383, 37.45780688,
       35.1612818 , 34.42077009, 32.56954885, 34.06620568, 38.12135571,
       33.41388798, 30.88806702, 31.53389434, 28.86291482, 29.86676004,
       33.07843344, 31.78407625, 27.73330318, 25.22777743, 27.39797381,
       29.53746452, 28.06174176, 28.81274702, 28.453106  , 27.81871687,
       27.32828505]), 'O2': array([58.42586579, 56.47368331, 50.47437181, 49.22279632, 48.90234983,
       46.47024344, 48.45793801, 46.40378977, 40.76333275, 40.14921953,
       42.11054193, 42.12058112, 45.14014567, 42.1815886 , 37.06242848,
       35.80368712, 36.22408803, 36.06484659, 38.04778468, 35.54131611,
       34.45613887, 32.38803393, 30.8457863 , 34.10654078, 36.98117029,
       32.29139798, 29.18630375, 27.91156706, 28.41023267, 30.27869305,
       33.70700118, 31.9470844 , 27.59835102, 24.98833617, 27.35818323,
       28.74895383, 29.08219189, 27.68434391, 26.67785075, 25.60503085,
       27.68458095]), 'Oz': array([58.30813674, 56.51462991, 50.74768364, 49.22681204, 48.74554264,
       46.97017039, 49.26673479, 47.11001794, 41.54619617, 39.56431726,
       40.49133085, 42.0915884 , 47.25854982, 43.0865826 , 36.42415285,
       36.80995326, 36.58398217, 36.88638627, 40.02257252, 37.16686718,
       34.88448441, 33.13787207, 31.30679092, 35.52492322, 39.38035241,
       34.28493375, 30.03952394, 29.36330121, 28.2105518 , 30.44888708,
       32.98224881, 31.83463048, 27.47754455, 25.21414037, 27.24114257,
       29.35749033, 30.12178181, 28.95572058, 26.99951269, 26.66499692,
       27.50685435])}"
"{'O1': array([57.13837076, 56.680857  , 53.45443962, 50.32452674, 49.47147689,
       50.27863898, 50.79548305, 47.69260196, 46.63113496, 47.76824388,
       49.20198545, 45.53213651, 42.42155032, 42.84054186, 41.89583866,
       40.87456963, 39.40536237, 37.5944526 , 38.34009445, 40.93522525,
       42.88098263, 37.84561226, 35.92893048, 35.18103556, 33.86567509,
       31.47541701, 31.77666181, 31.71707973, 31.06872955, 31.85542151,
       33.93136365, 32.82361991, 30.34186649, 28.37914551, 27.40480926,
       29.08835632, 28.38927712, 28.56923037, 29.21680941, 29.31200043,
       29.43656731]), 'O2': array([57.18359477, 56.66218751, 52.82757515, 49.53169041, 48.63364483,
       49.36597409, 49.67536083, 46.37183889, 44.80981696, 46.43672186,
       48.32576711, 43.72996524, 41.65493352, 41.8407427 , 40.81592275,
       39.92676025, 38.50524546, 36.41654661, 36.32617524, 39.47352069,
       41.89484307, 36.71238971, 33.75568241, 32.85436725, 33.32542877,
       32.03662617, 31.71841167, 29.84152936, 30.86930127, 31.5765459 ,
       32.757088  , 32.12891902, 30.3015498 , 27.7845692 , 26.84946684,
       27.57736121, 28.0867206 , 29.15642858, 29.7763911 , 29.37421684,
       30.11946361]), 'Oz': array([57.52698729, 56.86757206, 53.11059563, 49.83740458, 49.00445519,
       49.91047839, 50.20764496, 46.73179171, 45.20391419, 47.55049904,
       50.03250512, 45.28942223, 41.34434137, 41.29254149, 40.48763364,
       40.16706969, 38.94097051, 36.88508955, 36.90177737, 40.45847988,
       43.41095686, 38.08405363, 34.67100618, 33.55714744, 33.25441093,
       31.19745395, 31.25040364, 30.50816699, 30.76829271, 31.76671159,
       32.89864408, 32.47882072, 30.5360862 , 28.11972516, 27.27857501,
       28.45193031, 28.22255192, 28.98233044, 29.64142027, 29.29672996,
       29.87454493])}","{'O1': array([54.18076022, 54.72318521, 53.49733358, 50.2102534 , 48.77912405,
       48.86252044, 50.05495674, 47.77137692, 47.66996836, 47.21222556,
       47.41911368, 45.76571547, 44.40481847, 43.0244293 , 42.73339732,
       42.50894327, 40.27124979, 39.85913818, 39.65901536, 41.59738275,
       43.63378662, 39.18714758, 36.84287318, 36.04027344, 34.16513474,
       30.6912624 , 30.5107308 , 29.5930273 , 29.53360727, 29.855737  ,
       31.84407209, 33.05504704, 31.34658541, 28.95683432, 27.43505776,
       27.00603236, 26.06451201, 26.83660127, 27.77470958, 28.14796786,
       29.4499606 ]), 'O2': array([55.66859055, 55.78696325, 53.84281319, 50.1948946 , 47.22510978,
       46.40034902, 46.67660336, 43.56377315, 44.7768861 , 47.25974771,
       47.5515356 , 44.20080409, 43.21947193, 42.20899985, 41.26157469,
       40.51410012, 38.2027901 , 36.76625812, 36.83887207, 40.1646879 ,
       42.94268745, 37.89832217, 34.94336842, 33.75278434, 33.39920049,
       30.80600358, 29.97524285, 27.77499008, 29.64831749, 28.59594193,
       30.26520428, 32.27365303, 30.82904286, 27.4308136 , 26.26691006,
       25.16547752, 24.82342422, 25.119994  , 26.09506108, 26.94870032,
       29.36199206]), 'Oz': array([55.48775164, 55.58881938, 53.63217704, 50.16541687, 48.10487983,
       47.93999958, 48.54830994, 45.71156486, 45.90214227, 46.39871689,
       47.00587325, 44.03585333, 42.9298131 , 41.67804183, 41.38384953,
       41.4497495 , 39.29797082, 38.09418235, 37.40235124, 41.57732202,
       45.04323184, 39.94883881, 35.54025485, 34.33985446, 33.10192633,
       29.0343751 , 29.79007465, 28.63675184, 28.79369746, 29.24714482,
       31.16294522, 32.83294364, 31.30717373, 28.1508565 , 26.79048844,
       26.4601097 , 25.20599921, 26.52134658, 27.28299818, 27.6953746 ,
       29.37075762])}","{'O1': array([58.06658115, 58.22300646, 54.27909718, 51.03373605, 51.41458264,
       51.54456783, 52.10949273, 48.54497356, 45.91226734, 48.19083066,
       49.85942549, 45.83463015, 41.89989286, 43.1612774 , 40.69047395,
       38.83882856, 39.83502353, 38.22288909, 38.23990296, 41.42218033,
       42.53210153, 36.79401186, 34.77055193, 34.51175693, 31.61284638,
       30.76497237, 31.82813795, 31.67777759, 30.61528952, 33.10417889,
       34.65477254, 30.90215631, 28.86106869, 28.56335039, 26.39063339,
       28.0115791 , 28.08939232, 27.43094312, 28.02913935, 29.65965204,
       30.3813365 ]), 'O2': array([57.55277   , 57.64954398, 52.68899676, 49.83007787, 50.90566566,
       50.59332142, 52.25768093, 49.52255323, 45.92850414, 46.06670158,
       47.95101348, 43.92625057, 41.01229903, 41.03189959, 38.57332289,
       38.59918748, 39.26135985, 37.79935472, 36.23352962, 39.00244541,
       41.28985957, 36.22565565, 32.38963445, 32.27981902, 32.1904993 ,
       31.20991487, 31.31240328, 29.91103393, 30.97576248, 33.31028844,
       34.05046382, 30.75705672, 29.31242407, 28.33114745, 25.83379075,
       25.66530929, 27.9756755 , 28.59857518, 28.64788233, 29.52408204,
       31.74869238]), 'Oz': array([57.99646536, 57.97277917, 53.29980394, 50.20033714, 50.76491147,
       51.15129282, 52.0252194 , 48.60373268, 45.25145343, 47.78971216,
       50.40637934, 45.87764711, 40.84931351, 41.25627458, 38.66144246,
       38.26628178, 39.42881563, 38.12730334, 37.34151448, 40.83994963,
       43.1166734 , 37.546891  , 33.7009529 , 33.28282841, 31.81585594,
       30.7663357 , 31.22386685, 30.6467613 , 30.97481422, 32.68737132,
       33.08568154, 30.48158274, 29.23285072, 28.50585122, 26.34415204,
       26.33884318, 27.84501578, 27.39630197, 28.20074716, 29.78180704,
       30.9619169 ])}","{'O1': array([59.16777093, 57.09637934, 52.58688811, 49.72959076, 48.22072397,
       50.42882866, 50.22199968, 46.7614554 , 46.31116917, 47.90167541,
       50.32741717, 44.99606389, 40.95993962, 42.33591888, 42.2636447 ,
       41.27593705, 38.10981378, 34.70133055, 37.12136505, 39.78611266,
       42.47705975, 37.55567733, 36.17336632, 34.9910763 , 35.81904416,
       32.97001627, 32.99111668, 33.88043429, 33.05729187, 32.60634865,
       35.29524634, 34.51365637, 30.81794538, 27.61725182, 28.38873662,
       32.24745751, 31.01392702, 31.4401467 , 31.84657931, 30.12838138,
       28.47840483]), 'O2': array([58.32942374, 56.55005532, 51.9509155 , 48.57009876, 47.77015905,
       51.10425185, 50.0917982 , 46.02919028, 43.72406065, 45.98371629,
       49.47475225, 43.06284106, 40.73302959, 42.28132866, 42.61287069,
       40.66699313, 38.05158643, 34.684027  , 35.90612404, 39.25342877,
       41.45198219, 36.01319131, 33.93404436, 32.53049841, 34.38658651,
       34.09396005, 33.86758888, 31.83856406, 31.98382385, 32.82340732,
       33.95559589, 33.35604732, 30.76318248, 27.59174656, 28.44769971,
       31.90129681, 31.46106207, 33.75071655, 34.58622991, 31.64986816,
       29.24770638]), 'Oz': array([59.09674486, 57.04111761, 52.3998059 , 49.14645972, 48.14357426,
       50.64014278, 50.04940555, 45.88007759, 44.45814685, 48.46306809,
       52.68526276, 45.95476624, 40.25389751, 40.94330805, 41.41760892,
       40.78517778, 38.09612507, 34.43378295, 35.96146638, 38.958168  ,
       42.07296533, 36.75643109, 34.77181079, 33.04875945, 34.8454505 ,
       33.79165106, 32.73726943, 32.24098784, 32.53636644, 33.36561864,
       34.44730546, 34.12193578, 31.06823415, 27.70246776, 28.70108455,
       32.55683806, 31.61664076, 33.02934277, 33.44051547, 30.41300822,
       29.29096027])}"
"{'O1': array([56.27875836, 55.12723684, 50.68818546, 48.29219842, 48.0821798 ,
       48.39150472, 48.39841305, 46.32732833, 46.22114529, 44.08882755,
       44.9060498 , 41.65543039, 42.60204629, 44.09143805, 46.02746009,
       43.42671823, 39.74156758, 37.2477614 , 37.67787645, 41.91814413,
       45.15914293, 39.45940743, 34.20999109, 32.98033983, 31.92789612,
       31.14935915, 31.13400885, 31.42216758, 32.42871705, 30.49282805,
       29.6572666 , 27.74914707, 27.14093718, 28.48788524, 29.96833053,
       28.68145295, 27.5233664 , 27.0373145 , 26.7353064 , 28.47057238,
       29.12024167]), 'O2': array([56.44502445, 55.2931716 , 50.81635888, 47.88113443, 47.59556956,
       48.21081216, 48.50839419, 46.34179717, 45.0884371 , 43.61705239,
       44.98456797, 42.12059732, 41.28765093, 41.53206653, 43.25376593,
       41.76412537, 39.05416075, 36.37016021, 36.71447124, 40.14492704,
       43.30884296, 38.05194093, 31.92625062, 31.76120531, 29.50199582,
       28.41683657, 29.05978518, 30.23331681, 31.14744474, 29.43743907,
       29.38558382, 27.62492606, 26.98404989, 27.82650579, 28.7242509 ,
       28.18645331, 26.29751626, 25.98882501, 26.40159487, 28.86795763,
       29.27507914]), 'Oz': array([56.35646266, 55.24887157, 50.71044127, 47.92134703, 47.58350269,
       47.94589466, 48.0695933 , 45.70947156, 44.73044601, 43.11372022,
       44.54558615, 40.86268982, 41.39748738, 42.57569264, 44.46545346,
       42.29183465, 38.84439881, 35.8590156 , 36.48014822, 42.06177905,
       45.61941996, 39.81895912, 33.00410486, 31.93725596, 30.62399354,
       29.63137735, 29.60028541, 30.5136484 , 31.89991221, 30.14820418,
       29.71367105, 27.89952026, 27.35406524, 28.10286754, 29.17243716,
       28.46040637, 26.93537739, 26.57299332, 26.6252765 , 28.59039581,
       30.03437802])}","{'O1': array([56.52220636, 55.68983795, 50.94748801, 48.00058142, 46.64806794,
       46.39839402, 45.99186676, 45.71356731, 44.25842139, 43.18293284,
       43.87376095, 39.23306912, 42.08636406, 43.99604863, 46.42098074,
       42.57615176, 37.78106126, 34.06961865, 37.55195686, 43.86795028,
       46.25448   , 40.19031481, 33.12511335, 32.41485325, 31.71482757,
       30.6905664 , 33.18134576, 34.81385783, 35.17468021, 32.07731056,
       29.73941565, 29.54586282, 30.36697838, 29.75268863, 30.7190171 ,
       27.60125178, 27.62879797, 28.47442746, 26.85247071, 28.22985482,
       31.53103374]), 'O2': array([56.57665239, 55.74883638, 50.44935362, 46.77586313, 46.27879654,
       45.68712661, 45.06173741, 44.93902561, 44.79592621, 44.62884724,
       44.54199049, 39.8616448 , 39.40005107, 40.13269487, 41.56982683,
       40.57967963, 37.96987694, 34.00888983, 36.86810037, 42.38386841,
       44.56553977, 38.46332532, 32.01437046, 30.30610545, 28.55191423,
       27.98581829, 30.73099748, 32.25980843, 34.62784851, 32.35653096,
       30.63591557, 27.48125395, 28.75174679, 27.73976948, 28.7582847 ,
       27.01850813, 25.81876575, 26.76549495, 26.28960982, 28.86212221,
       31.43808997]), 'Oz': array([56.61330944, 55.87115795, 50.83062645, 47.19334317, 45.98621682,
       45.32950143, 44.70116713, 44.2292744 , 43.15908171, 42.3811122 ,
       43.59574136, 37.96547021, 40.17263692, 41.63249112, 43.73555882,
       41.2243916 , 37.424327  , 32.78776856, 36.37277153, 44.09936055,
       46.77587638, 40.36050086, 31.92517888, 31.10897228, 30.64380211,
       28.95550624, 31.43521229, 33.24834465, 35.19935636, 32.47301688,
       30.18639809, 28.936517  , 29.91052546, 28.80464346, 29.06475769,
       26.55639751, 26.94569962, 28.50556461, 27.37926028, 29.95984264,
       33.06533528])}","{'O1': array([55.66654454, 52.63118212, 49.63727992, 47.92442888, 49.62613456,
       50.72448864, 50.06897824, 49.04227877, 47.77078493, 44.80866098,
       43.2026519 , 41.17896241, 43.07567243, 44.6351063 , 45.93830779,
       44.18816109, 41.78957612, 40.55488654, 38.13208082, 40.0841379 ,
       43.70007058, 37.75995133, 33.06676629, 32.08185741, 32.77980454,
       31.25725724, 29.89562174, 30.25923074, 30.97939707, 27.14105548,
       29.24468828, 25.9272021 , 23.75475909, 27.19761462, 30.26509752,
       28.21721383, 25.89386295, 26.10652558, 25.19785341, 27.36376758,
       26.71714229]), 'O2': array([56.05532109, 52.99382271, 50.24843817, 47.93095689, 48.41177026,
       50.5572179 , 50.3614981 , 47.59726864, 46.31554181, 43.08826131,
       43.89687402, 42.52286822, 42.08125047, 42.40672814, 42.87717069,
       42.14387807, 41.06191696, 38.11405317, 35.35164478, 37.40915314,
       41.61361095, 36.87312734, 29.33917768, 32.14593552, 29.95966805,
       27.63801748, 28.7664704 , 28.90171488, 28.9355347 , 26.02127436,
       28.92864171, 26.75897965, 24.35794475, 26.91108182, 29.78497702,
       27.10414007, 24.78426087, 25.13116172, 25.15410331, 27.33218086,
       27.19607315]), 'Oz': array([55.96824465, 52.86481948, 49.8316601 , 47.8358031 , 49.09603525,
       50.65403383, 50.08174038, 48.09043525, 46.43110255, 44.08569611,
       43.27522697, 41.0254009 , 41.91033923, 43.31825946, 44.34804199,
       43.01927679, 40.91756478, 38.57988462, 36.00644062, 39.70303919,
       43.94630495, 38.35627064, 31.82031851, 31.06487083, 31.12773125,
       29.6531439 , 28.81945377, 29.20482994, 30.33518929, 26.70630379,
       28.89236001, 26.48478063, 24.69500796, 27.28665955, 30.61436445,
       28.46611188, 24.87012747, 24.92688437, 24.75734531, 26.94704927,
       26.53633602])}","{'O1': array([56.64752416, 57.06069045, 51.47978846, 48.95158496, 47.9723369 ,
       48.05163148, 49.13439414, 44.22613889, 46.63422955, 44.27488882,
       47.64173656, 44.55425965, 42.64410239, 43.64315922, 45.72309175,
       43.51584184, 39.65406538, 37.11877902, 37.34959167, 41.80234422,
       45.52287819, 40.42795615, 36.43809363, 34.44430882, 31.28905624,
       31.50025382, 30.32505906, 29.19341416, 31.13207388, 32.26011811,
       29.98769587, 27.77437627, 27.30107408, 28.51335246, 28.92087695,
       30.22589323, 29.04743828, 26.53099046, 28.15559508, 29.81809475,
       29.112549  ]), 'O2': array([56.70309987, 57.13685571, 51.75128485, 48.93658327, 48.0961419 ,
       48.38809197, 50.10194705, 46.48909725, 44.15384329, 43.13404861,
       46.5148394 , 43.97727894, 42.38165125, 42.05677659, 45.31430028,
       42.56881842, 38.13068834, 36.98753764, 37.92366857, 40.64175956,
       43.74737814, 38.81937014, 34.42520372, 32.83157496, 29.99440519,
       29.62667394, 27.68188765, 29.53842712, 29.87895101, 29.93451189,
       28.59219418, 28.63454458, 27.84245812, 28.82866607, 27.62949096,
       30.43671174, 28.28952215, 26.06981835, 27.76107148, 30.40956982,
       29.19107431]), 'Oz': array([56.48783389, 57.01063729, 51.46903728, 48.73489484, 47.66825599,
       47.85414872, 49.42587239, 44.80870503, 44.60115378, 42.87435234,
       46.7657901 , 43.59719833, 42.10948597, 42.77632732, 45.31275958,
       42.63183556, 38.19130466, 36.20939363, 37.06123251, 42.38293739,
       46.13607853, 40.74010585, 35.26681718, 33.63792478, 30.10044727,
       30.28548189, 28.54619017, 29.0877706 , 30.16519098, 31.26529187,
       30.06225505, 28.27726315, 27.45666229, 28.21729962, 27.83818933,
       30.35870971, 28.99030509, 26.28653096, 27.73922393, 28.86429552,
       30.50146276])}"
